patient_id,first_name,last_name,gender,date_of_birth,email
1,Trumann,Chasmoor,Male,1986-08-12,tchasmoor0@unblog.fr
2,Kyle,Easton,Female,1965-02-10,keaston1@gizmodo.com
3,Ardelia,Drohun,Female,2013-12-16,adrohun2@ted.com
4,Haze,Brittles,Genderfluid,1976-05-12,hbrittles3@flavors.me
5,Clementia,Grigaut,Female,1951-02-12,cgrigaut4@dell.com
6,Tiertza,Fenix,Female,1997-08-22,tfenix5@usgs.gov
7,Keir,Quartly,Male,2004-09-16,kquartly6@meetup.com
8,Emanuel,Danielou,Male,2005-12-06,edanielou7@fc2.com
9,Marlo,Ferrettini,Male,1952-05-01,mferrettini8@redcross.org
10,Iver,Traynor,Male,2001-09-12,itraynor9@dmoz.org
11,Winni,Kitman,Female,1968-06-03,wkitmana@tiny.cc
12,Emmie,Cearley,Female,1991-10-30,ecearleyb@biglobe.ne.jp
13,August,Berthon,Male,2000-04-27,aberthonc@google.co.jp
14,Garrick,Smithyman,Male,1951-09-30,gsmithymand@live.com
15,Storm,Moth,Genderqueer,1962-07-09,smothe@scientificamerican.com
16,Myrtice,Robeiro,Female,2021-01-21,mrobeirof@whitehouse.gov
17,Peder,Massimo,Male,1983-07-04,pmassimog@cam.ac.uk
18,Nancie,Salzberg,Female,1970-01-18,nsalzbergh@webs.com
19,Ardyce,Piel,Female,2023-07-10,apieli@cnn.com
20,Larisa,Sieur,Female,2013-04-15,lsieurj@geocities.jp
21,Ulick,Salle,Male,1967-10-19,usallek@chicagotribune.com
22,Ludovika,Davidove,Female,2004-02-18,ldavidovel@youku.com
23,Kaleb,Warrick,Male,1956-03-27,kwarrickm@altervista.org
24,Jeffry,Jenicek,Male,1987-12-06,jjenicekn@cocolog-nifty.com
25,Benito,Memmory,Male,1972-02-20,bmemmoryo@stanford.edu
26,Sonja,Yankin,Female,1994-04-07,syankinp@youku.com
27,Germaine,Cullabine,Male,2006-11-10,gcullabineq@cpanel.net
28,Callie,Dingley,Female,2008-09-17,cdingleyr@marriott.com
29,Gertie,Whapples,Female,2013-06-28,gwhappless@creativecommons.org
30,Shep,Stanbury,Non-binary,1973-12-23,sstanburyt@cmu.edu
31,Lolly,Youll,Female,2009-10-12,lyoullu@newsvine.com
32,Creighton,Boone,Male,2018-02-03,cboonev@opera.com
33,Demetrius,Maggorini,Male,1959-08-20,dmaggoriniw@com.com
34,Kerry,Belderson,Female,1974-10-14,kbeldersonx@addtoany.com
35,Jareb,McGeneay,Male,2010-08-17,jmcgeneayy@gnu.org
36,Caralie,Rait,Female,1967-02-28,craitz@myspace.com
37,Idalia,Dolohunty,Female,1988-08-26,idolohunty10@cloudflare.com
38,Graehme,Urlin,Male,1972-11-08,gurlin11@geocities.jp
39,Dona,Fenwick,Non-binary,1979-02-16,dfenwick12@merriam-webster.com
40,Abran,Prin,Male,2018-09-22,aprin13@google.ca
41,Teresina,Howlings,Female,1952-03-31,thowlings14@hc360.com
42,Brent,Elcoat,Male,2015-07-23,belcoat15@printfriendly.com
43,Francklin,Lowdes,Male,1982-04-08,flowdes16@taobao.com
44,Israel,Arnson,Male,1986-11-27,iarnson17@aboutads.info
45,Carroll,Petrusch,Male,2010-04-08,cpetrusch18@google.de
46,Marmaduke,Corley,Polygender,1951-04-17,mcorley19@macromedia.com
47,Monroe,MacNeilley,Male,1976-09-27,mmacneilley1a@msn.com
48,Krystal,Rosier,Polygender,1975-12-06,krosier1b@npr.org
49,Tedd,Cattemull,Male,1978-01-07,tcattemull1c@diigo.com
50,Claudia,Bartolic,Female,1981-11-01,cbartolic1d@dyndns.org
51,Vergil,Riddall,Male,1974-11-22,vriddall1e@etsy.com
52,Corbin,Rubinfajn,Male,2000-04-24,crubinfajn1f@japanpost.jp
53,Doralynne,Chapple,Female,1955-11-12,dchapple1g@networksolutions.com
54,Mella,Symington,Female,1996-03-27,msymington1h@nature.com
55,Maureen,Lieber,Female,2002-11-11,mlieber1i@123-reg.co.uk
56,Den,Hitchens,Male,2005-03-12,dhitchens1j@seattletimes.com
57,Amelina,Chander,Female,1992-06-21,achander1k@csmonitor.com
58,Doy,Dowber,Male,2022-12-02,ddowber1l@people.com.cn
59,Stevie,Kellett,Male,2022-03-07,skellett1m@arizona.edu
60,Margret,Povall,Female,2018-07-24,mpovall1n@facebook.com
61,Jocelyn,holmes,Female,1957-09-05,jholmes1o@oaic.gov.au
62,Albertine,Kember,Female,2003-12-13,akember1p@theguardian.com
63,Jolynn,Jinda,Female,2021-09-16,jjinda1q@cloudflare.com
64,Sofia,Hillan,Female,2010-10-22,shillan1r@oaic.gov.au
65,Justinn,Collman,Female,1981-05-19,jcollman1s@ucsd.edu
66,Franchot,Vann,Male,1989-07-18,fvann1t@cnn.com
67,Araldo,Lanaway,Male,1984-02-02,alanaway1u@a8.net
68,Meggi,Brakespear,Female,1972-01-28,mbrakespear1v@ftc.gov
69,Thatch,Oosthout de Vree,Male,1981-05-19,toosthoutdevree1w@netlog.com
70,Scott,Bucklan,Male,1963-05-09,sbucklan1x@wiley.com
71,Benedick,Kopje,Male,1986-08-25,bkopje1y@archive.org
72,Breena,Kroon,Female,1987-10-13,bkroon1z@google.ca
73,Salomi,Noto,Female,1950-11-22,snoto20@tuttocitta.it
74,Broderick,Janew,Male,1965-06-26,bjanew21@cnn.com
75,Rex,Everix,Male,1970-05-23,reverix22@unc.edu
76,Dennie,Novotna,Non-binary,1975-05-24,dnovotna23@foxnews.com
77,Ewen,TRUE,Male,2022-06-03,etrue24@jimdo.com
78,Jereme,Aloshikin,Male,2014-09-08,jaloshikin25@google.fr
79,Aurilia,Persicke,Female,2009-02-08,apersicke26@cbslocal.com
80,Lamond,Cordelle,Male,2000-04-28,lcordelle27@webnode.com
81,Fredra,Luckings,Female,2008-11-18,fluckings28@auda.org.au
82,Pooh,Serrell,Male,1977-08-16,pserrell29@cnbc.com
83,Leora,Hannond,Female,1972-06-12,lhannond2a@theatlantic.com
84,Marchall,Parkhouse,Male,1969-06-08,mparkhouse2b@baidu.com
85,Nickolai,Lackie,Male,1984-06-04,nlackie2c@yale.edu
86,Elianora,Heeley,Agender,1961-06-23,eheeley2d@alibaba.com
87,Howey,Coombe,Male,1963-03-03,hcoombe2e@dmoz.org
88,Willie,Rappoport,Male,1981-06-14,wrappoport2f@ed.gov
89,Kerrie,Chalcraft,Female,2013-08-16,kchalcraft2g@howstuffworks.com
90,Vlad,Blanchard,Male,2014-06-18,vblanchard2h@time.com
91,Kathryne,Hauck,Female,2011-05-16,khauck2i@shareasale.com
92,Norton,Mathison,Male,1961-01-15,nmathison2j@spiegel.de
93,Alphonso,Roycroft,Male,1971-10-07,aroycroft2k@livejournal.com
94,Wiley,Lysons,Male,1952-12-12,wlysons2l@yolasite.com
95,Richardo,Polk,Male,1991-04-20,rpolk2m@artisteer.com
96,Gaelan,Hirsthouse,Male,1959-06-27,ghirsthouse2n@tripod.com
97,Skippie,Spick,Male,2015-09-06,sspick2o@google.pl
98,Cherilyn,Milella,Female,2016-04-20,cmilella2p@shutterfly.com
99,Donn,Lambrook,Male,2021-02-12,dlambrook2q@furl.net
100,Isidora,Leipold,Female,1975-06-03,ileipold2r@blog.com
101,Monty,Simkins,Male,1984-04-11,msimkins2s@columbia.edu
102,Freda,Davidowsky,Genderfluid,1990-08-27,fdavidowsky2t@istockphoto.com
103,Remington,Millberg,Male,2025-01-01,rmillberg2u@purevolume.com
104,Kalinda,Willerstone,Female,1985-04-02,kwillerstone2v@comcast.net
105,Grantham,Ramsell,Male,2020-12-24,gramsell2w@psu.edu
106,Sabine,Ridgers,Genderfluid,2017-05-26,sridgers2x@de.vu
107,Mitchel,Claris,Male,1967-08-22,mclaris2y@bloglovin.com
108,Julienne,Janusz,Female,2022-12-09,jjanusz2z@cmu.edu
109,Nicola,Humphris,Female,2006-05-30,nhumphris30@dyndns.org
110,Allen,Scarborough,Male,1970-07-04,ascarborough31@hp.com
111,Dorian,Stroobant,Male,1995-12-04,dstroobant32@nationalgeographic.com
112,Mariele,Flight,Female,1960-12-17,mflight33@goodreads.com
113,Stephen,Rootham,Male,1972-05-23,srootham34@spiegel.de
114,Hercule,Smouten,Male,1988-10-29,hsmouten35@umich.edu
115,Caz,Sango,Male,1965-09-18,csango36@guardian.co.uk
116,Barret,Francisco,Male,1984-04-29,bfrancisco37@ibm.com
117,Grayce,O' Quirk,Female,2003-01-07,goquirk38@wordpress.com
118,Karine,Rizzi,Female,1968-12-03,krizzi39@imgur.com
119,Lida,Niccolls,Female,1966-10-01,lniccolls3a@google.nl
120,Andee,Mico,Female,1974-09-16,amico3b@ocn.ne.jp
121,Tonye,Klaus,Female,1996-05-02,tklaus3c@51.la
122,Kailey,Gricewood,Female,1953-05-17,kgricewood3d@i2i.jp
123,Guglielmo,Bazire,Male,1988-05-08,gbazire3e@webs.com
124,Karina,Mocker,Female,1960-05-17,kmocker3f@dropbox.com
125,Carri,Ralling,Female,2012-07-16,cralling3g@mediafire.com
126,Abbie,Pawelczyk,Female,1984-11-09,apawelczyk3h@github.com
127,Elke,Pursglove,Female,2006-03-24,epursglove3i@last.fm
128,Porty,Lepere,Agender,2007-07-24,plepere3j@gnu.org
129,Keir,FitzAlan,Male,1984-04-26,kfitzalan3k@twitpic.com
130,Paxton,Fones,Male,1993-12-19,pfones3l@ning.com
131,Reuben,Doust,Male,1981-11-11,rdoust3m@usnews.com
132,Arel,Bertelmot,Non-binary,2023-06-02,abertelmot3n@cnn.com
133,Bobbie,Geeves,Female,2009-11-23,bgeeves3o@sbwire.com
134,Desmund,Jump,Male,1951-09-22,djump3p@fc2.com
135,Colin,McParlin,Male,1986-12-08,cmcparlin3q@drupal.org
136,Cornie,Morriarty,Female,2021-04-04,cmorriarty3r@yellowbook.com
137,Barbey,Malby,Agender,1969-08-26,bmalby3s@facebook.com
138,Lethia,Calverley,Female,1971-01-26,lcalverley3t@java.com
139,Valerye,Klugel,Female,2000-04-08,vklugel3u@japanpost.jp
140,Fields,Creber,Male,1984-03-01,fcreber3v@yellowpages.com
141,Cary,Laugherane,Male,1963-07-21,claugherane3w@wiley.com
142,Aldous,Pile,Male,1989-12-30,apile3x@illinois.edu
143,Locke,Althorp,Male,1967-06-23,lalthorp3y@pen.io
144,Skipp,Treeby,Male,2005-11-23,streeby3z@bizjournals.com
145,Arri,Perfili,Male,2012-01-24,aperfili40@addthis.com
146,Jelene,Baelde,Female,2018-11-25,jbaelde41@google.co.uk
147,Phip,Terrill,Male,1965-04-29,pterrill42@weibo.com
148,Nicolai,Filyakov,Male,2022-06-09,nfilyakov43@businessweek.com
149,Hunfredo,Norvill,Male,1998-04-02,hnorvill44@lulu.com
150,Worthington,Cappell,Male,1991-01-06,wcappell45@cisco.com
151,Natal,Harbard,Male,2013-05-26,nharbard46@bing.com
152,Bernita,Bilbrooke,Non-binary,1954-05-10,bbilbrooke47@nih.gov
153,Karleen,Swindon,Female,1961-06-29,kswindon48@cyberchimps.com
154,Mavra,Laird-Craig,Female,1991-01-22,mlairdcraig49@examiner.com
155,Leodora,Randales,Genderfluid,1951-05-16,lrandales4a@acquirethisname.com
156,Boote,Dodgshun,Male,2009-01-15,bdodgshun4b@weibo.com
157,Evanne,Binfield,Female,1958-07-17,ebinfield4c@wordpress.com
158,Deni,Duprey,Female,1968-07-12,dduprey4d@joomla.org
159,Frazier,Brotherhood,Male,1973-01-07,fbrotherhood4e@google.it
160,Egon,Grushin,Male,2015-07-26,egrushin4f@seesaa.net
161,Gayle,Calleja,Male,2009-01-25,gcalleja4g@tripadvisor.com
162,Florence,Serotsky,Female,2008-08-09,fserotsky4h@tamu.edu
163,Gwenni,Jagiela,Female,1975-10-22,gjagiela4i@omniture.com
164,Huntlee,Inkpin,Polygender,2012-02-07,hinkpin4j@google.ru
165,Erek,Toe,Male,1971-12-17,etoe4k@va.gov
166,Eloise,Ninnotti,Female,1989-08-08,eninnotti4l@foxnews.com
167,Alaric,Sargent,Male,2015-05-04,asargent4m@wufoo.com
168,Gray,Hordell,Female,2012-09-01,ghordell4n@un.org
169,Carita,Locksley,Female,1953-07-14,clocksley4o@china.com.cn
170,Thadeus,Hallwood,Male,1998-09-10,thallwood4p@wsj.com
171,Rossy,Crispin,Male,1993-10-26,rcrispin4q@netscape.com
172,Anallese,Cardenosa,Female,2023-12-01,acardenosa4r@usnews.com
173,Alli,Lyokhin,Female,1995-11-03,alyokhin4s@nsw.gov.au
174,Milly,Gissing,Female,1978-05-25,mgissing4t@google.it
175,Frasquito,Maxwaile,Male,1983-08-12,fmaxwaile4u@irs.gov
176,Jillie,Ripon,Female,2012-02-18,jripon4v@wp.com
177,Germain,Biddulph,Female,2010-06-30,gbiddulph4w@ameblo.jp
178,Rosetta,Mathewes,Female,1994-08-20,rmathewes4x@ted.com
179,Ignace,Askell,Male,1988-02-01,iaskell4y@dell.com
180,Kalvin,Rodear,Bigender,2013-11-10,krodear4z@apache.org
181,Clevey,Bedborough,Male,1977-08-14,cbedborough50@elegantthemes.com
182,Kyrstin,Groarty,Female,2008-05-23,kgroarty51@google.com.au
183,Aida,Habeshaw,Genderfluid,2025-01-01,ahabeshaw52@vinaora.com
184,Fin,Milby,Male,1963-02-27,fmilby53@howstuffworks.com
185,Perkin,Ramberg,Male,1972-10-20,pramberg54@unblog.fr
186,Peri,Layus,Female,2006-02-25,playus55@squarespace.com
187,Daron,Togher,Male,2018-01-04,dtogher56@ask.com
188,Jo-ann,Pennicard,Female,2012-04-28,jpennicard57@icq.com
189,Pip,Boas,Male,1994-04-29,pboas58@auda.org.au
190,Elsie,Sprowson,Female,1954-09-01,esprowson59@buzzfeed.com
191,Case,Rosario,Male,2011-11-22,crosario5a@creativecommons.org
192,Ainslee,Kiley,Female,1993-08-31,akiley5b@cdc.gov
193,Carr,Jolly,Male,1960-12-08,cjolly5c@ebay.co.uk
194,Edik,Irnis,Male,1985-06-12,eirnis5d@nsw.gov.au
195,Rafe,Betho,Male,2018-10-11,rbetho5e@theatlantic.com
196,Binny,Vasyaev,Female,1989-02-28,bvasyaev5f@symantec.com
197,Nicolai,Yabsley,Male,1952-11-01,nyabsley5g@accuweather.com
198,Sissie,Godwin,Female,1970-04-17,sgodwin5h@imdb.com
199,Blondie,Halloran,Female,1955-09-05,bhalloran5i@imgur.com
200,Hobie,Artois,Genderqueer,1967-09-12,hartois5j@hud.gov
201,Kali,Busek,Female,1997-06-07,kbusek5k@cargocollective.com
202,Cale,Andrzej,Male,2016-09-23,candrzej5l@blogtalkradio.com
203,Duff,Georgelin,Male,1976-04-11,dgeorgelin5m@cbc.ca
204,Brit,Frary,Male,1973-02-25,bfrary5n@addtoany.com
205,Loise,Caruth,Female,2002-03-11,lcaruth5o@mtv.com
206,Lief,Wagstaff,Male,1989-08-26,lwagstaff5p@surveymonkey.com
207,Wilone,Hamstead,Female,1976-08-23,whamstead5q@yahoo.co.jp
208,Shermy,Pineaux,Male,1975-11-13,spineaux5r@ning.com
209,Torey,Cragell,Genderqueer,1999-01-18,tcragell5s@instagram.com
210,Daryle,Sandercroft,Genderfluid,1975-08-15,dsandercroft5t@whitehouse.gov
211,Gilburt,Havelin,Male,1972-07-13,ghavelin5u@boston.com
212,Marcos,Koppeck,Male,2006-09-16,mkoppeck5v@cbslocal.com
213,Marta,Cumbridge,Female,1971-06-13,mcumbridge5w@ustream.tv
214,Nickey,Ferrandez,Male,2016-09-01,nferrandez5x@berkeley.edu
215,Luca,Weiss,Male,1992-03-08,lweiss5y@omniture.com
216,Ronny,Rickford,Female,1990-05-27,rrickford5z@themeforest.net
217,Bradney,Jandac,Male,2015-07-06,bjandac60@google.com.au
218,Eldridge,Nannini,Male,2016-07-12,enannini61@netscape.com
219,Wynne,Hackworth,Female,1997-04-10,whackworth62@google.es
220,Francklyn,Pugsley,Male,1978-09-09,fpugsley63@uol.com.br
221,Honey,Kocher,Female,2011-10-02,hkocher64@youku.com
222,Betteanne,Seabridge,Female,2005-11-09,bseabridge65@examiner.com
223,Darline,Row,Female,1988-07-14,drow66@indiatimes.com
224,Roland,McConway,Male,1988-08-22,rmcconway67@blogger.com
225,Rollins,Peidro,Male,1966-07-20,rpeidro68@zdnet.com
226,Gilbertine,Lamar,Female,1954-03-01,glamar69@webnode.com
227,Garrek,Grundon,Male,1997-02-08,ggrundon6a@amazon.com
228,Charyl,Betteson,Female,2024-04-30,cbetteson6b@howstuffworks.com
229,Yoshiko,McGaughey,Female,1982-11-14,ymcgaughey6c@is.gd
230,Ernest,Dmitrienko,Male,1952-04-07,edmitrienko6d@google.co.jp
231,Abbie,Soot,Male,1988-08-14,asoot6e@ftc.gov
232,Renie,McCusker,Female,2011-07-15,rmccusker6f@squidoo.com
233,Desmond,Swett,Male,1975-05-12,dswett6g@imgur.com
234,Noel,Gensavage,Female,1975-12-01,ngensavage6h@irs.gov
235,Armin,Walne,Male,1982-02-16,awalne6i@google.com
236,Engracia,Kilvington,Female,2009-03-04,ekilvington6j@springer.com
237,Joannes,Fellnee,Female,1964-06-29,jfellnee6k@aboutads.info
238,Nikki,Ilyinski,Male,1981-03-18,nilyinski6l@europa.eu
239,Sue,Suthworth,Female,1962-11-15,ssuthworth6m@army.mil
240,Joshuah,Liveing,Male,1951-12-18,jliveing6n@deliciousdays.com
241,Rozelle,Weich,Female,2013-09-12,rweich6o@xrea.com
242,Woodie,Vedishchev,Male,2007-11-30,wvedishchev6p@webeden.co.uk
243,Elvyn,Gready,Male,1956-12-10,egready6q@google.es
244,Tamiko,Smyley,Female,2006-09-19,tsmyley6r@google.com
245,Lonee,Van Driel,Female,2017-05-29,lvandriel6s@canalblog.com
246,Quincy,Beresfore,Male,1957-11-02,qberesfore6t@wunderground.com
247,Theodosia,Booth-Jarvis,Female,1989-06-24,tboothjarvis6u@answers.com
248,Dael,Gatsby,Female,2022-08-02,dgatsby6v@wordpress.org
249,Shaw,Russ,Male,1953-09-24,sruss6w@aol.com
250,Idette,Bradnocke,Female,1954-07-15,ibradnocke6x@a8.net
251,Brandy,Hattigan,Female,1960-08-13,bhattigan6y@sogou.com
252,Dukie,Barringer,Male,2016-05-25,dbarringer6z@washington.edu
253,Hope,Warrack,Female,1951-10-23,hwarrack70@hibu.com
254,Der,Bloomfield,Male,1982-03-28,dbloomfield71@newsvine.com
255,Rhys,O'Crevy,Male,1991-11-14,rocrevy72@indiegogo.com
256,Wynn,Bourdon,Male,1985-09-28,wbourdon73@acquirethisname.com
257,Netta,Malzard,Female,1986-10-20,nmalzard74@hc360.com
258,Sanders,McComiskie,Male,1976-12-06,smccomiskie75@mail.ru
259,Sanford,Litterick,Male,1985-07-04,slitterick76@geocities.com
260,Rory,Jordeson,Female,1971-09-14,rjordeson77@altervista.org
261,Merralee,Toomey,Female,1995-07-23,mtoomey78@senate.gov
262,Ardath,Nussey,Female,2000-09-24,anussey79@disqus.com
263,Harriett,Anster,Female,1964-03-05,hanster7a@npr.org
264,Godfrey,Mutton,Male,1968-09-06,gmutton7b@timesonline.co.uk
265,Leia,Feragh,Genderqueer,1953-06-09,lferagh7c@acquirethisname.com
266,Rasla,Michele,Female,2017-02-14,rmichele7d@gizmodo.com
267,Perrine,Bounds,Genderfluid,1984-12-30,pbounds7e@seesaa.net
268,Shay,Davioud,Female,2014-04-03,sdavioud7f@prnewswire.com
269,Cobb,Storton,Male,1958-02-12,cstorton7g@irs.gov
270,Lombard,Tollfree,Male,2021-06-02,ltollfree7h@walmart.com
271,Sharlene,Ruckman,Female,1964-07-16,sruckman7i@mysql.com
272,Ram,Danielski,Male,1958-12-27,rdanielski7j@umn.edu
273,Lauree,Marns,Female,2025-04-22,lmarns7k@diigo.com
274,Chance,Pietersen,Male,1993-10-19,cpietersen7l@jugem.jp
275,Lani,Carmen,Female,2013-09-16,lcarmen7m@wunderground.com
276,Humfrid,Luchelli,Male,1961-07-04,hluchelli7n@ted.com
277,Amalle,McAreavey,Female,2024-10-13,amcareavey7o@wikipedia.org
278,Grazia,Lund,Female,2012-09-18,glund7p@123-reg.co.uk
279,Marilin,Philo,Female,1979-09-17,mphilo7q@sohu.com
280,Kalina,Baumber,Non-binary,1960-03-11,kbaumber7r@jiathis.com
281,Dehlia,Sherebrook,Female,2018-09-11,dsherebrook7s@toplist.cz
282,Maynard,Bang,Male,1978-06-07,mbang7t@prweb.com
283,Vincenz,Fabb,Male,1952-10-26,vfabb7u@macromedia.com
284,Jordana,Quince,Female,1989-07-19,jquince7v@angelfire.com
285,Gay,Behr,Female,2004-11-02,gbehr7w@statcounter.com
286,Elaina,Maccrea,Polygender,2000-08-01,emaccrea7x@surveymonkey.com
287,Sigismund,Deaton,Male,1992-09-26,sdeaton7y@independent.co.uk
288,Clarette,Georgeson,Female,1995-03-25,cgeorgeson7z@topsy.com
289,Dario,Archibold,Male,2014-12-25,darchibold80@mayoclinic.com
290,Camile,Twells,Female,1985-11-07,ctwells81@home.pl
291,Keene,Celler,Male,1955-08-21,kceller82@comcast.net
292,Marlon,Hadland,Male,1990-08-19,mhadland83@berkeley.edu
293,Florenza,Timothy,Bigender,1970-11-04,ftimothy84@timesonline.co.uk
294,Barnaby,Kield,Male,1965-10-13,bkield85@scientificamerican.com
295,Ginelle,Corre,Female,2004-03-05,gcorre86@wp.com
296,Claretta,Hearnden,Female,2008-01-03,chearnden87@cloudflare.com
297,Melvyn,Ravenscroft,Male,2003-10-28,mravenscroft88@sbwire.com
298,Randi,Frediani,Male,1978-09-30,rfrediani89@1und1.de
299,Julina,Simmonds,Female,2022-05-14,jsimmonds8a@usatoday.com
300,Nelli,Verbeek,Female,1951-11-04,nverbeek8b@ameblo.jp
301,Mikaela,Eatock,Female,1999-08-17,meatock8c@friendfeed.com
302,Wheeler,Gowler,Male,2002-02-07,wgowler8d@accuweather.com
303,Georgy,Hubbins,Male,2000-04-06,ghubbins8e@artisteer.com
304,Felizio,Reeday,Male,1986-10-07,freeday8f@alibaba.com
305,Danyette,Lumb,Female,2003-04-10,dlumb8g@amazon.com
306,Hersh,Doyland,Genderfluid,2007-06-03,hdoyland8h@berkeley.edu
307,Neill,Ewens,Male,1995-07-18,newens8i@ebay.com
308,Simmonds,Pavey,Male,2024-09-14,spavey8j@ovh.net
309,Shelli,Moxham,Female,2019-09-01,smoxham8k@wunderground.com
310,Tony,MacLardie,Male,1992-03-08,tmaclardie8l@newyorker.com
311,Kylie,Eilhertsen,Male,1965-07-16,keilhertsen8m@va.gov
312,Flem,Elham,Male,1985-12-15,felham8n@sina.com.cn
313,Hubert,Cropper,Male,1958-12-23,hcropper8o@joomla.org
314,Paula,Riddiough,Female,2005-12-16,priddiough8p@forbes.com
315,Rodie,Bannister,Non-binary,2005-11-28,rbannister8q@prnewswire.com
316,Elke,Edlin,Female,2005-10-15,eedlin8r@ifeng.com
317,Berty,McAllester,Male,2011-07-16,bmcallester8s@1und1.de
318,Curtis,Battersby,Male,1997-06-06,cbattersby8t@howstuffworks.com
319,Samson,Geertsen,Male,1966-09-16,sgeertsen8u@a8.net
320,Shelton,Aneley,Non-binary,1993-04-26,saneley8v@lulu.com
321,Tito,Mollatt,Male,2009-06-07,tmollatt8w@t.co
322,Trevor,Cruddas,Agender,1999-04-06,tcruddas8x@amazonaws.com
323,Berkie,Wiffen,Male,1994-03-11,bwiffen8y@boston.com
324,Claudianus,Simm,Male,1968-05-13,csimm8z@symantec.com
325,Edgard,Sterland,Genderfluid,1954-05-03,esterland90@globo.com
326,Patin,Tunstall,Male,2020-03-08,ptunstall91@reference.com
327,Leda,Brugmann,Female,1990-03-09,lbrugmann92@arstechnica.com
328,Sayre,Clapperton,Female,1965-02-04,sclapperton93@deviantart.com
329,Celene,Challice,Female,1976-04-03,cchallice94@ft.com
330,Harper,Sommerlin,Male,1997-08-14,hsommerlin95@jugem.jp
331,Garnette,Camamile,Female,2011-06-18,gcamamile96@yale.edu
332,Orazio,Salsberg,Male,1962-08-17,osalsberg97@usgs.gov
333,Urban,Pettegree,Male,1987-09-27,upettegree98@timesonline.co.uk
334,Yvette,Cristoferi,Female,1965-05-24,ycristoferi99@baidu.com
335,Janna,Dirkin,Female,2023-06-13,jdirkin9a@howstuffworks.com
336,Levin,Ingman,Male,1988-11-12,lingman9b@list-manage.com
337,Shelly,Rossetti,Female,2023-03-01,srossetti9c@tripadvisor.com
338,Fredric,Caplan,Male,2019-02-05,fcaplan9d@ed.gov
339,Rollo,Manzell,Male,1968-05-25,rmanzell9e@moonfruit.com
340,Brandi,Gordon,Female,1957-12-30,bgordon9f@storify.com
341,Germayne,Stennard,Male,2021-03-13,gstennard9g@harvard.edu
342,Jermaine,Bugge,Female,1996-10-12,jbugge9h@ted.com
343,Sanders,Niven,Male,2002-05-17,sniven9i@sohu.com
344,Fanni,Teml,Female,2014-01-16,fteml9j@cargocollective.com
345,Jeanette,Keyhoe,Female,1982-02-02,jkeyhoe9k@nih.gov
346,Jillana,Harden,Female,1981-12-16,jharden9l@answers.com
347,Venus,Hinemoor,Female,2021-06-18,vhinemoor9m@usa.gov
348,Bevon,Mapis,Male,2005-09-15,bmapis9n@businessweek.com
349,Fey,Juszkiewicz,Female,2011-06-12,fjuszkiewicz9o@about.com
350,Saree,Belloch,Female,1979-06-26,sbelloch9p@merriam-webster.com
351,Melonie,Attlee,Female,1990-05-03,mattlee9q@webnode.com
352,Weider,De Castri,Male,2004-12-16,wdecastri9r@storify.com
353,Toiboid,Pouck,Male,1953-02-20,tpouck9s@webmd.com
354,Kory,Cosh,Male,2024-06-29,kcosh9t@theguardian.com
355,Glynda,MacKellen,Female,1990-04-29,gmackellen9u@miitbeian.gov.cn
356,Brynn,Yakovlev,Female,2021-02-04,byakovlev9v@stumbleupon.com
357,Robinia,Walding,Female,2022-03-18,rwalding9w@uol.com.br
358,Jasmina,Rapkins,Female,1958-12-06,jrapkins9x@merriam-webster.com
359,Heddie,Mushet,Female,2022-04-20,hmushet9y@ovh.net
360,Karel,Hubatsch,Male,1979-05-26,khubatsch9z@seesaa.net
361,Tanney,Paulat,Male,1977-04-05,tpaulata0@yellowbook.com
362,Gayla,Aubery,Female,1960-02-20,gauberya1@guardian.co.uk
363,Levi,Mence,Male,1970-09-30,lmencea2@shop-pro.jp
364,Silvester,Grendon,Male,1996-08-23,sgrendona3@nasa.gov
365,Rollins,Walstow,Male,2007-05-30,rwalstowa4@apple.com
366,Kelci,McCrystal,Female,1956-06-12,kmccrystala5@patch.com
367,Maggi,Younie,Female,1995-05-12,myouniea6@europa.eu
368,Melisandra,Cosslett,Female,1997-04-11,mcossletta7@diigo.com
369,Cobby,Bryson,Male,2013-10-22,cbrysona8@google.de
370,Josefa,Humby,Female,1951-07-31,jhumbya9@ycombinator.com
371,Gale,Fontaine,Bigender,2014-11-24,gfontaineaa@msn.com
372,Amabel,Dundridge,Female,2006-03-02,adundridgeab@ycombinator.com
373,Cayla,Dalwood,Female,2018-06-12,cdalwoodac@usa.gov
374,Carolyne,Jurisch,Female,2020-07-24,cjurischad@trellian.com
375,Marvin,Paulou,Agender,2010-08-13,mpaulouae@yellowbook.com
376,Vernon,Pickard,Male,2016-04-29,vpickardaf@state.tx.us
377,Keen,List,Male,1959-10-04,klistag@google.ru
378,Merv,Gunson,Male,2019-02-08,mgunsonah@skyrock.com
379,Farleigh,Rubin,Male,1990-09-07,frubinai@is.gd
380,Ephrem,Horsfield,Genderqueer,1999-01-25,ehorsfieldaj@google.ca
381,Tyrus,Dozdill,Male,2018-12-20,tdozdillak@simplemachines.org
382,Sarah,Fagg,Female,1969-05-13,sfaggal@telegraph.co.uk
383,Raffarty,Andreopolos,Male,1976-12-14,randreopolosam@irs.gov
384,Quincy,Suerz,Male,1999-07-28,qsuerzan@umn.edu
385,Renelle,Tilling,Female,1952-11-18,rtillingao@surveymonkey.com
386,Adriano,Norway,Male,2021-03-22,anorwayap@aol.com
387,Nikolaus,Jaquet,Male,2017-02-17,njaquetaq@pen.io
388,Chloe,Kleeman,Female,2018-08-19,ckleemanar@cnbc.com
389,Tonia,Bridgland,Genderfluid,1979-03-08,tbridglandas@aboutads.info
390,Alexis,Feronet,Male,1951-03-15,aferonetat@oaic.gov.au
391,Gabey,McNab,Female,2021-01-03,gmcnabau@nature.com
392,Libby,McConnel,Female,1994-09-10,lmcconnelav@aboutads.info
393,Raviv,Roocroft,Male,1988-08-03,rroocroftaw@accuweather.com
394,Brittany,Tregien,Female,1957-04-25,btregienax@toplist.cz
395,Parrnell,Vannuccinii,Male,1994-07-15,pvannucciniiay@google.co.jp
396,Allie,Baumber,Female,1989-10-18,abaumberaz@nature.com
397,Florencia,Bamforth,Female,1997-09-27,fbamforthb0@columbia.edu
398,Rolland,Haggard,Male,2010-02-04,rhaggardb1@vimeo.com
399,Cesar,Morad,Male,2016-08-08,cmoradb2@upenn.edu
400,Gerick,Custy,Male,1954-05-24,gcustyb3@github.com
401,Scottie,Aggas,Male,1974-09-15,saggasb4@google.com.au
402,Ursulina,Cicero,Female,2013-05-09,ucicerob5@themeforest.net
403,Vince,Carrol,Male,1971-06-20,vcarrolb6@free.fr
404,Bobbie,Gilluley,Non-binary,2002-04-07,bgilluleyb7@is.gd
405,Georgeanne,Farlamb,Female,1959-02-24,gfarlambb8@naver.com
406,Waiter,Akehurst,Male,1996-04-30,wakehurstb9@angelfire.com
407,Ollie,Wallworth,Male,1962-04-10,owallworthba@oakley.com
408,Allyson,Caselick,Female,2022-04-11,acaselickbb@intel.com
409,Catrina,Sorensen,Female,1961-10-05,csorensenbc@cisco.com
410,Tansy,Weich,Genderqueer,1991-03-06,tweichbd@vimeo.com
411,Sashenka,Euston,Female,1969-06-16,seustonbe@ifeng.com
412,Leodora,Whenman,Female,1967-05-10,lwhenmanbf@discuz.net
413,Carolynn,Kimmel,Female,1954-09-02,ckimmelbg@dyndns.org
414,Marietta,Shade,Genderfluid,2013-07-01,mshadebh@hhs.gov
415,Sean,Sinclair,Female,1957-08-08,ssinclairbi@opensource.org
416,Arabelle,Bentje,Female,1986-08-16,abentjebj@bigcartel.com
417,Ricard,Ughi,Male,1979-05-31,rughibk@live.com
418,Carleen,Rainy,Female,1998-05-01,crainybl@hexun.com
419,Vonnie,Jirousek,Female,2015-12-28,vjirousekbm@nbcnews.com
420,Lotti,Corthes,Female,1994-10-12,lcorthesbn@spiegel.de
421,Gerardo,Yakebovich,Male,1980-10-16,gyakebovichbo@360.cn
422,Dory,Labern,Male,1968-02-05,dlabernbp@linkedin.com
423,Prentice,Hambelton,Male,1960-06-22,phambeltonbq@xing.com
424,Avigdor,Coghill,Male,1984-10-20,acoghillbr@bbb.org
425,Laurette,Phelip,Female,1955-09-19,lphelipbs@1688.com
426,Trefor,Lehmann,Male,1951-05-21,tlehmannbt@biglobe.ne.jp
427,Cristin,Fausset,Female,2014-02-14,cfaussetbu@bloglines.com
428,Lindon,Tokley,Male,1994-10-05,ltokleybv@slate.com
429,Alvin,Winthrop,Male,1961-01-14,awinthropbw@seesaa.net
430,Nerty,Chafney,Female,1980-04-10,nchafneybx@privacy.gov.au
431,Lynnea,Tixier,Female,1981-02-02,ltixierby@mapquest.com
432,Niels,Carden,Polygender,1951-12-04,ncardenbz@mysql.com
433,Adi,Ratcliffe,Female,1956-08-14,aratcliffec0@bigcartel.com
434,Ripley,L'argent,Male,1991-10-12,rlargentc1@harvard.edu
435,Byron,Deehan,Male,1975-03-19,bdeehanc2@instagram.com
436,Aldridge,Toller,Male,1960-01-19,atollerc3@mit.edu
437,Stella,Fivey,Female,1971-05-03,sfiveyc4@aol.com
438,Dix,Endecott,Female,2006-08-23,dendecottc5@nsw.gov.au
439,Melina,Megson,Female,1979-10-29,mmegsonc6@yahoo.co.jp
440,Lavena,Styan,Female,2003-12-23,lstyanc7@webnode.com
441,Noel,Willatt,Female,2018-09-17,nwillattc8@guardian.co.uk
442,Franciska,Stoakley,Female,1952-09-10,fstoakleyc9@sbwire.com
443,Cindi,Scoggan,Female,2010-05-15,cscogganca@soup.io
444,Terence,Grumell,Male,1973-05-01,tgrumellcb@gov.uk
445,Marven,Wybrew,Male,1980-11-10,mwybrewcc@wikia.com
446,Isabelle,Embra,Female,1974-05-31,iembracd@walmart.com
447,Lindon,McGawn,Male,2016-07-13,lmcgawnce@hatena.ne.jp
448,Hilton,Whoolehan,Male,2012-01-09,hwhoolehancf@miitbeian.gov.cn
449,Cristie,Gussin,Genderfluid,1958-05-13,cgussincg@smh.com.au
450,Allin,Reichardt,Male,2020-01-15,areichardtch@moonfruit.com
451,Shirl,Beckford,Female,1978-04-07,sbeckfordci@youku.com
452,Layne,Korda,Female,2013-05-27,lkordacj@oracle.com
453,Gran,Shimmans,Male,2012-04-07,gshimmansck@paginegialle.it
454,Josiah,Gaukrodge,Male,1981-09-23,jgaukrodgecl@naver.com
455,Ariel,Castiglio,Female,1964-03-17,acastigliocm@opera.com
456,Albrecht,Aland,Male,1987-03-10,aalandcn@examiner.com
457,Barrie,Spyer,Male,1957-12-09,bspyerco@cbsnews.com
458,Etienne,Hadingham,Male,1952-02-22,ehadinghamcp@canalblog.com
459,Myrlene,Brosius,Female,1982-05-24,mbrosiuscq@loc.gov
460,Nanci,Trippett,Genderfluid,1982-08-16,ntrippettcr@barnesandnoble.com
461,Carmelia,Bingell,Female,2004-09-25,cbingellcs@google.de
462,Flory,Edkins,Female,1964-02-08,fedkinsct@mozilla.org
463,Leora,Sylvaine,Female,1982-11-12,lsylvainecu@google.co.uk
464,Agosto,Budcock,Male,2000-08-23,abudcockcv@paypal.com
465,Deloris,Lanchbury,Female,1965-11-08,dlanchburycw@pen.io
466,Emmeline,McQuillin,Non-binary,2013-09-09,emcquillincx@nih.gov
467,Dorie,Mackriell,Male,2006-02-09,dmackriellcy@guardian.co.uk
468,Ettore,Emlyn,Male,2020-11-25,eemlyncz@paginegialle.it
469,Demetria,Olivari,Female,2002-04-12,dolivarid0@hubpages.com
470,Neala,Meert,Female,1982-05-07,nmeertd1@ihg.com
471,Sheri,Ramsted,Female,1975-05-16,sramstedd2@amazon.co.jp
472,Vivian,Pellamont,Bigender,2000-08-12,vpellamontd3@nifty.com
473,Janeczka,Bartolomeu,Female,1963-10-29,jbartolomeud4@cyberchimps.com
474,Daveta,Diglin,Female,1955-10-18,ddiglind5@loc.gov
475,Wendie,Omond,Female,1957-07-21,womondd6@java.com
476,Delila,Erskin,Female,2009-12-06,derskind7@nhs.uk
477,Biddy,Pashby,Female,2012-07-23,bpashbyd8@skype.com
478,Napoleon,Shawley,Male,2012-06-11,nshawleyd9@hao123.com
479,Liesa,Holttom,Female,1998-01-13,lholttomda@cbc.ca
480,Kleon,Sidgwick,Male,1997-01-24,ksidgwickdb@narod.ru
481,Xever,Bukowski,Male,1967-06-22,xbukowskidc@jigsy.com
482,Appolonia,Kliemann,Female,1974-11-03,akliemanndd@epa.gov
483,Kenyon,Timperley,Male,2014-10-03,ktimperleyde@simplemachines.org
484,Corty,Cromer,Male,1986-09-20,ccromerdf@cnet.com
485,Garik,Frankiewicz,Male,1961-11-20,gfrankiewiczdg@forbes.com
486,Meaghan,Casbourne,Female,2007-03-22,mcasbournedh@google.com.hk
487,Barth,Bulford,Male,1978-08-13,bbulforddi@php.net
488,Felice,Pigot,Female,2005-05-17,fpigotdj@guardian.co.uk
489,Leontine,Priel,Female,2010-10-16,lprieldk@typepad.com
490,Florida,Wetton,Female,2018-10-04,fwettondl@rediff.com
491,Marvin,Timmermann,Male,1967-11-08,mtimmermanndm@photobucket.com
492,Sloan,Standering,Male,1962-07-29,sstanderingdn@tumblr.com
493,Hewie,Attewill,Male,1969-07-22,hattewilldo@weibo.com
494,Belia,Rable,Bigender,2003-04-22,brabledp@npr.org
495,Jessamine,Rablan,Female,1972-04-20,jrablandq@cnn.com
496,Nerissa,Mapstone,Female,1954-07-23,nmapstonedr@google.ca
497,Lon,Dregan,Male,2005-04-03,ldregands@blog.com
498,Sheba,Leamon,Female,1964-11-17,sleamondt@is.gd
499,Ogdan,Dunbar,Male,1968-11-29,odunbardu@ning.com
500,Antonio,Ledwidge,Male,1972-07-24,aledwidgedv@google.cn
